Metric,Baseline,Noisy,FineTuned
WER,0.9339171974522293,1.4713375796178343,0.4052547770700637
CER,0.5914079648792725,1.2925682031984949,0.17168391345249295
